--------------------
-- idStrategy tables
--------------------
INSERT INTO SIMPLE_CRUD_AUTO_ID (NAME) VALUES ('simple entity pre inserted with auto id');


--------------------------
-- createRepository tables
--------------------------

--PageableAndSortableTest
INSERT INTO PAGEABLE_AND_SORTABLE (DISCRIMINATOR, NUMBER, COMMON) VALUES ('A',1,'SAME');
INSERT INTO PAGEABLE_AND_SORTABLE (DISCRIMINATOR, NUMBER, COMMON) VALUES ('A',2,'SAME');
INSERT INTO PAGEABLE_AND_SORTABLE (DISCRIMINATOR, NUMBER, COMMON) VALUES ('A',3,'SAME');
INSERT INTO PAGEABLE_AND_SORTABLE (DISCRIMINATOR, NUMBER, COMMON) VALUES ('A',4,'SAME');
INSERT INTO PAGEABLE_AND_SORTABLE (DISCRIMINATOR, NUMBER, COMMON) VALUES ('A',5,'SAME');
INSERT INTO PAGEABLE_AND_SORTABLE (DISCRIMINATOR, NUMBER, COMMON) VALUES ('A',6,'SAME');
INSERT INTO PAGEABLE_AND_SORTABLE (DISCRIMINATOR, NUMBER, COMMON) VALUES ('A',7,'SAME');
INSERT INTO PAGEABLE_AND_SORTABLE (DISCRIMINATOR, NUMBER, COMMON) VALUES ('A',8,'SAME');
INSERT INTO PAGEABLE_AND_SORTABLE (DISCRIMINATOR, NUMBER, COMMON) VALUES ('A',9,'SAME');
INSERT INTO PAGEABLE_AND_SORTABLE (DISCRIMINATOR, NUMBER, COMMON) VALUES ('A',10,'SAME');
INSERT INTO PAGEABLE_AND_SORTABLE (DISCRIMINATOR, NUMBER, COMMON) VALUES ('B',1,'SAME');
INSERT INTO PAGEABLE_AND_SORTABLE (DISCRIMINATOR, NUMBER, COMMON) VALUES ('B',2,'SAME');
INSERT INTO PAGEABLE_AND_SORTABLE (DISCRIMINATOR, NUMBER, COMMON) VALUES ('B',3,'SAME');
INSERT INTO PAGEABLE_AND_SORTABLE (DISCRIMINATOR, NUMBER, COMMON) VALUES ('B',4,'SAME');
INSERT INTO PAGEABLE_AND_SORTABLE (DISCRIMINATOR, NUMBER, COMMON) VALUES ('B',5,'SAME');
INSERT INTO PAGEABLE_AND_SORTABLE (DISCRIMINATOR, NUMBER, COMMON) VALUES ('B',6,'SAME');
INSERT INTO PAGEABLE_AND_SORTABLE (DISCRIMINATOR, NUMBER, COMMON) VALUES ('B',7,'SAME');
INSERT INTO PAGEABLE_AND_SORTABLE (DISCRIMINATOR, NUMBER, COMMON) VALUES ('B',8,'SAME');
INSERT INTO PAGEABLE_AND_SORTABLE (DISCRIMINATOR, NUMBER, COMMON) VALUES ('B',9,'SAME');
INSERT INTO PAGEABLE_AND_SORTABLE (DISCRIMINATOR, NUMBER, COMMON) VALUES ('B',10,'SAME');


-- CustomRepositoryTest
INSERT INTO CUSTOM (DATA) VALUES ('UPDATE EXAMPLE');


---------------------------
-- defineQueryMethod tables
---------------------------

-- QueryByMethodTest
INSERT INTO QUERY_BY_METHOD (NAME, AGE, BIRTH_DATE, JOB) VALUES ('Aldric',1,'2023-05-01','NONE');
INSERT INTO QUERY_BY_METHOD (NAME, AGE, BIRTH_DATE, JOB) VALUES ('Andy',2,'2022-05-01','NONE');
INSERT INTO QUERY_BY_METHOD (NAME, AGE, BIRTH_DATE, JOB) VALUES ('Marc',18,'2004-05-01','STUDENT');
INSERT INTO QUERY_BY_METHOD (NAME, AGE, BIRTH_DATE, JOB) VALUES ('Luc',19,'2003-02-01','STUDENT');
INSERT INTO QUERY_BY_METHOD (NAME, AGE, BIRTH_DATE, JOB) VALUES ('Maria',20,'2002-03-06','STUDENT');
INSERT INTO QUERY_BY_METHOD (NAME, AGE, BIRTH_DATE, JOB) VALUES ('Alex',21,'2001-08-06','STUDENT');
INSERT INTO QUERY_BY_METHOD (NAME, AGE, BIRTH_DATE, JOB) VALUES ('Maria',21,'2001-10-10','STUDENT');
INSERT INTO QUERY_BY_METHOD (NAME, AGE, BIRTH_DATE, JOB) VALUES ('Frank',38,'1984-09-08','DOCTOR');
INSERT INTO QUERY_BY_METHOD (NAME, AGE, BIRTH_DATE, JOB) VALUES ('Maria',42,'1980-10-10','DIRECTOR');
INSERT INTO QUERY_BY_METHOD (NAME, AGE, BIRTH_DATE, JOB) VALUES ('Laura',72,'1950-10-10','PENSION');
INSERT INTO QUERY_BY_METHOD (NAME, AGE, BIRTH_DATE, JOB) VALUES ('Chris',73,'1949-10-10','PENSION');
INSERT INTO QUERY_BY_METHOD (NAME, AGE, BIRTH_DATE, JOB) VALUES ('Igor',74,'1948-10-10','PENSION');
INSERT INTO QUERY_BY_METHOD (NAME, AGE, BIRTH_DATE, JOB) VALUES ('Matusalemme',969 ,'1053-01-01','PENSION');

-- PropertyExpressionsTest
INSERT INTO PROPERTY_EXPRESSIONS_ROOT (ID, NAME, AGE, JOB) VALUES (1,'Aldric', 47, 'DIRECTOR');
INSERT INTO PROPERTY_EXPRESSIONS_NESTED (ID, PROPERTY_EXPRESSIONS_ROOT, ADDRESS) VALUES (1,1,'Boulevard General Louis');
INSERT INTO PROPERTY_EXPRESSIONS_ROOT (ID, NAME, AGE, JOB) VALUES (2,'Laura', 32, 'DIRECTOR');
INSERT INTO PROPERTY_EXPRESSIONS_NESTED (ID, PROPERTY_EXPRESSIONS_ROOT, ADDRESS) VALUES (2,2,'Boulevard General Jack');

-- QueryByAnnotationTest
INSERT INTO QUERY_BY_ANNOTATION_ROOT (ID, NAME, AGE, JOB) VALUES (-1,'Lucas', 47, 'DIRECTOR');
INSERT INTO QUERY_BY_ANNOTATION_NESTED_ONE (QUERY_BY_ANNOTATION_ROOT, NESTED_NAME) VALUES (-1,'nested 1');
INSERT INTO QUERY_BY_ANNOTATION_NESTED_MANY (QUERY_BY_ANNOTATION_ROOT, ELEMENT) VALUES (-1,'many first element');
INSERT INTO QUERY_BY_ANNOTATION_NESTED_MANY (QUERY_BY_ANNOTATION_ROOT, ELEMENT) VALUES (-1,'many second element');

INSERT INTO QUERY_BY_ANNOTATION_ROOT (ID, NAME, AGE, JOB) VALUES (-2,'George', 47, 'DIRECTOR');
INSERT INTO QUERY_BY_ANNOTATION_NESTED_ONE (QUERY_BY_ANNOTATION_ROOT, NESTED_NAME) VALUES (-2,'nested 2');
INSERT INTO QUERY_BY_ANNOTATION_NESTED_MANY (QUERY_BY_ANNOTATION_ROOT, ELEMENT) VALUES (-2,'other first element');
INSERT INTO QUERY_BY_ANNOTATION_NESTED_MANY (QUERY_BY_ANNOTATION_ROOT, ELEMENT) VALUES (-2,'other second element');

-- ModifyByQueryAnnotationTest
INSERT INTO MODIFY_BY_QUERY_ANNOTATION (NAME, VERSION) VALUES ('Marc', 0);
INSERT INTO MODIFY_BY_QUERY_ANNOTATION (NAME, VERSION) VALUES ('Alex', 1);
INSERT INTO MODIFY_BY_QUERY_ANNOTATION (NAME, VERSION) VALUES ('Lucas', 2);
INSERT INTO MODIFY_BY_QUERY_ANNOTATION (NAME, VERSION) VALUES ('Maria', 2);


---------------------------
-- nPlus1 tables
---------------------------

-- SingleCollectionTest
INSERT INTO SINGLE_COLLECTION_ROOT (ID,NAME) VALUES (0,'Root A');
INSERT INTO SINGLE_COLLECTION_NESTED_MANY (SINGLE_COLLECTION_ROOT,ELEMENT) VALUES (0,'Element A-A');
INSERT INTO SINGLE_COLLECTION_NESTED_MANY (SINGLE_COLLECTION_ROOT,ELEMENT) VALUES (0,'Element A-B');
INSERT INTO SINGLE_COLLECTION_ROOT (ID,NAME) VALUES (1,'Root B');
INSERT INTO SINGLE_COLLECTION_NESTED_MANY (SINGLE_COLLECTION_ROOT,ELEMENT) VALUES (1,'Element B-A');
INSERT INTO SINGLE_COLLECTION_NESTED_MANY (SINGLE_COLLECTION_ROOT,ELEMENT) VALUES (1,'Element B-B');
INSERT INTO SINGLE_COLLECTION_ROOT (ID,NAME) VALUES (2,'Root C');
INSERT INTO SINGLE_COLLECTION_NESTED_MANY (SINGLE_COLLECTION_ROOT,ELEMENT) VALUES (2,'Element C-A');
INSERT INTO SINGLE_COLLECTION_NESTED_MANY (SINGLE_COLLECTION_ROOT,ELEMENT) VALUES (2,'Element C-B');
